,Country,Output T/year,Total consumption,Count Research,Number of Patents,Number Stations,Value (€/kg),FCEV Fleet,2023,per_million,Worker,Number of Companies,Number of Valleys,GHG intensity,Competitiveness,Re_share
0,Austria,115472.34427485825,116115.02004635824,4.0,71.0,12.0,5.693329854517033,62.0,9104772.0,9.104772,1599.0,144.0,2.0,96.0,72.1,33.76
1,Belgium,411229.6346272369,378165.0829164249,6.0,42.0,10.0,7.336291807693096,110.0,11742796.0,11.742796,26342.0,83.0,2.0,145.0,77.9,13.76
2,Bulgaria,121173.04554769985,121192.04780059986,2.0,130.0,0.0,4.1768406126830895,0.0,6447710.0,6.44771,1049.0,10.0,0.0,422.0,47.3,19.1
3,Croatia,62316.80306730769,62335.74994180768,1.0,22.0,2.0,8.589821319053362,0.0,3850894.0,3.850894,355.0,10.0,0.0,133.0,52.8,27.92
4,Cyprus,0.0,0.0,0.0,0.0,0.0,6.385281223678209,0.0,920701.0,0.920701,0.0,0.0,0.0,589.0,60.9,19.43
5,Czech Republic,0.0,0.0,0.0,245.0,0.0,0.0,12.0,10827529.0,10.827529,1957.0,31.0,0.0,,,
6,Denmark,24952.84610159337,25289.48588991036,5.0,116.0,5.0,7.259121901282922,234.0,5932654.0,5.932654,3232.0,47.0,3.0,103.0,97.1,41.6
7,Estonia,16.8588679245283,16.8588679245283,1.0,1.0,0.0,6.587222461241305,2.0,1365884.0,1.365884,0.0,10.0,1.0,658.0,68.2,38.47
8,Finland,176435.7879595116,176357.11324253082,5.0,80.0,0.0,6.961202021902444,2.0,5563970.0,5.56397,3113.0,38.0,2.0,66.0,80.3,47.89
9,France,552822.8446402401,549748.41166314,10.0,1097.0,109.0,6.807338337198037,863.0,68172977.0,68.172977,84110.0,750.0,4.0,68.0,69.7,20.26
10,Germany,1743512.423463998,1736608.7740203305,18.0,2624.0,174.0,7.633407199788022,2233.0,84358845.0,84.358845,45192.0,949.0,16.0,366.0,72.7,20.8
11,Greece,326557.4587369211,326535.7209011211,3.0,64.0,0.0,5.177097979923627,0.0,10413982.0,10.413982,442.0,34.0,3.0,416.0,56.8,22.68
12,Hungary,188005.16967431948,187871.50114011948,1.0,146.0,1.0,7.820671361012923,0.0,9599744.0,9.599744,91.0,17.0,1.0,180.0,52.1,15.19
13,Ireland,7864.365692,8226.7224755,1.0,46.0,0.0,5.477489826448741,0.0,5271395.0,5.271395,307.0,15.0,1.0,310.0,91.9,13.11
14,Italy,607913.1264903757,607742.3465612757,21.0,72.0,13.0,7.792784829776843,69.0,58997201.0,58.997201,12908.0,178.0,4.0,252.0,61.4,19.01
15,Latvia,0.0,67.1797736,0.0,8.0,1.0,7.779570573794457,10.0,1883008.0,1.883008,0.0,2.0,0.0,86.0,59.1,43.32
16,Lithuania,143686.94268333333,143686.94268333333,0.0,24.0,0.0,7.356733506839251,1.0,2857279.0,2.857279,16.0,4.0,0.0,180.0,69.9,29.6
17,Luxembourg,0.0,574.9602325,1.0,18.0,1.0,9.595710989223306,10.0,660809.0,0.660809,0.0,5.0,1.0,52.0,73.7,14.36
18,Malta,0.0,0.0,0.0,0.0,0.0,5.800792125164008,0.0,542051.0,0.542051,0.0,1.0,0.0,,,
19,Netherlands,975233.6722518498,984043.40324308,7.0,161.0,29.0,6.245959004993317,693.0,17811291.0,17.811291,8382.0,289.0,6.0,321.0,86.9,14.97
20,Norway,157609.58999431593,156713.0072773348,6.0,43.0,9.0,6.884074794836098,273.0,5488984.0,5.488984,1654.0,135.0,3.0,,,
21,Poland,784637.1189707745,784020.4561979746,8.0,261.0,15.0,6.778285471625936,125.0,36753736.0,36.753736,7652.0,126.0,2.0,666.0,61.7,16.88
22,Portugal,106284.80186666668,103345.81504,4.0,87.0,2.0,5.198878870005573,5.0,10467366.0,10.467366,459.0,30.0,5.0,173.0,65.1,34.68
23,Romania,134334.66881181035,133780.30458371036,1.0,115.0,0.0,7.715759964597899,0.0,19054548.0,19.054548,513.0,14.0,2.0,247.0,53.5,24.14
24,Slovakia,105597.68760783123,105385.93948523124,1.0,117.0,0.0,9.316620289059353,3.0,5428792.0,5.428792,153.0,16.0,1.0,,,
25,Slovenia,1846.5,1809.4050052,1.0,30.0,2.0,8.385172576109072,0.0,2116972.0,2.116972,2040.0,11.0,1.0,208.0,58.0,25.0
26,Spain,614470.5592442635,611831.4404868592,27.0,1606.0,29.0,5.767288537442192,29.0,48085361.0,48.085361,5645.0,441.0,7.0,205.0,62.8,22.12
27,Sweden,175366.8789904208,174691.51148292082,3.0,105.0,22.0,6.093126583918979,67.0,10521556.0,10.521556,2971.0,119.0,1.0,7.0,90.3,66.0
28,Switzerland,20549.795527227525,20549.795527227525,3.0,71.0,20.0,0.0,349.0,8815385.0,8.815385,1613.0,156.0,0.0,,,
29,Turkey,0.0,0.0,5.0,2.0,0.0,0.0,0.0,85279553.0,85.279553,99.0,0.0,1.0,,,
30,United Kingdom,569135.4957877519,568987.6977877519,5.0,5823.0,20.0,5.763128323735013,351.0,67736802.0,67.736802,10847.0,228.0,4.0,,,
